{
  "m1": {
    "r": -0.40850250840096036,
    "p": 0.4947298860998039,
    "x": [
      0.00030632397712906825,
      0.0002774227179179434,
      0.00026466025035915664,
      0.0002482488051100518,
      0.0002475837722886354
    ],
    "y": [
      -7.49579443756847,
      -7.761314211685128,
      -8.249524740406876,
      -6.614731164633825,
      -7.152857689248698
    ]
  },
  "m3": {
    "r": 0.17009537366060157,
    "p": 0.7844767502969789,
    "x": [
      2.0790918684005737,
      2.079138951301575,
      2.0791839122772218,
      2.079271287918091,
      2.0792740249633788
    ],
    "y": [
      0.9408081490401621,
      0.45817454646363,
      1.1906013210272848,
      2.5307374187616194,
      -0.20524729350901438
    ]
  }
}
